{
  "defaultLocale": "en-us",
  "cognitiveModels": {
    "en": {
      "languageModels": [
        {
          "appid": "972443e9-447e-4ad0-bf13-1a81da1e2090",
          "authoringkey": "ca06ede75ed44e4aa1a991f0627dcf34",
          "subscriptionkey": "ca06ede75ed44e4aa1a991f0627dcf34",
          "name": "EtihadVirtualAssistanten_general",
          "id": "general",
          "region": "westus",
          "version": "0.1"
        }
      ],
      "dispatchModel": {
        "appid": "1c7794e8-8d5d-422f-98e0-38ed4eab835f",
        "authoringkey": "ca06ede75ed44e4aa1a991f0627dcf34",
        "subscriptionkey": "ca06ede75ed44e4aa1a991f0627dcf34",
        "name": "EtihadVirtualAssistanten_Dispatch",
        "region": "westus",
        "type": "dispatch"
      },
      "knowledgebases": [
        {
          "subscriptionKey": "62d898a8889043fa8d8b499a3eaf0978",
          "kbId": "f6dbdf16-cbbf-4e97-b3c0-8aa5ccb51178",
          "endpointKey": "cbbcf2b5-a2fe-4a1b-a296-733d815e20e9",
          "name": "chitchat",
          "id": "chitchat",
          "hostname": "https://etihadvirtualassistant-qnahost.azurewebsites.net"
        },
        {
          "subscriptionKey": "62d898a8889043fa8d8b499a3eaf0978",
          "kbId": "185e9dac-973b-4cf7-b5e1-5d38348d60a1",
          "endpointKey": "cbbcf2b5-a2fe-4a1b-a296-733d815e20e9",
          "name": "faq",
          "id": "faq",
          "hostname": "https://etihadvirtualassistant-qnahost.azurewebsites.net"
        }
      ]
    }
  }
}
